<application>
  <component name="FileTypeManager" version="17">
    <extensionMap>
      <mapping pattern="test" type="PLAIN_TEXT" />
      <mapping pattern=".env.copy" type="PLAIN_TEXT" />
      <mapping pattern=".env.dev" type="PLAIN_TEXT" />
      <mapping pattern="asf" type="PLAIN_TEXT" />
      <mapping pattern=".env" type="PLAIN_TEXT" />
      <mapping pattern="121dd" type="PLAIN_TEXT" />
      <mapping pattern="now" type="PLAIN_TEXT" />
      <mapping pattern=".gitkeep" type="PLAIN_TEXT" />
      <mapping pattern="Procfile" type="PLAIN_TEXT" />
      <mapping pattern="sa" type="PLAIN_TEXT" />
      <mapping pattern="help" type="PLAIN_TEXT" />
      <mapping pattern="asfq" type="PLAIN_TEXT" />
      <mapping pattern="fa1" type="PLAIN_TEXT" />
      <mapping pattern="qwf1" type="PLAIN_TEXT" />
      <mapping ext="bkp" type="PLAIN_TEXT" />
      <mapping ext="old" type="PLAIN_TEXT" />
      <mapping ext="2" type="PLAIN_TEXT" />
    </extensionMap>
  </component>
</application>